,epoch,lr,betas,betas,eps,weight_decay,amsgrad,maximize,foreach,capturable,differentiable,fused,decoupled_weight_decay,initial_lr,|params|,|grad|,time,obj,loss,acc,loss,acc,loss,acc
0,-1.0,0.001,0.9,0.999,1e-08,0.0,0.0,0.0,0.0,0.0,0.0,0.0,0.0,0.001,5.223679,0.0,0.0,0.0,0.0,0.0,785.443,0.0,796.65173,0.0
1,0.0,0.001,0.9,0.999,1e-08,0.0,0.0,0.0,0.0,0.0,0.0,0.0,0.0,0.001,15.004169,0.051844995,8.890249,0.5706375,0.5706375,0.0,331.5882,0.0,330.7851,0.0
2,1.0,0.001,0.9,0.999,1e-08,0.0,0.0,0.0,0.0,0.0,0.0,0.0,0.0,0.001,21.763,0.038535513,9.15058,0.34025806,0.34025806,0.0,211.92213,0.0,211.51227,0.0
3,2.0,0.001,0.9,0.999,1e-08,0.0,0.0,0.0,0.0,0.0,0.0,0.0,0.0,0.001,26.367899,0.065822765,8.685656,0.23755237,0.23755237,0.0,161.831,0.0,161.61916,0.0
4,3.0,0.001,0.9,0.999,1e-08,0.0,0.0,0.0,0.0,0.0,0.0,0.0,0.0,0.001,30.010298,0.06360612,8.77016,0.19063859,0.19063859,0.0,134.51659,0.0,134.61238,0.0
5,4.0,0.001,0.9,0.999,1e-08,0.0,0.0,0.0,0.0,0.0,0.0,0.0,0.0,0.001,33.61855,0.059111238,8.746925,0.1521149,0.1521149,0.0,109.063034,0.0,109.24132,0.0
6,5.0,0.001,0.9,0.999,1e-08,0.0,0.0,0.0,0.0,0.0,0.0,0.0,0.0,0.001,36.370083,0.059000567,8.822767,0.131641,0.131641,0.0,96.1775,0.0,96.3019,0.0
7,6.0,0.001,0.9,0.999,1e-08,0.0,0.0,0.0,0.0,0.0,0.0,0.0,0.0,0.001,38.89619,0.048331246,8.685444,0.11636553,0.11636553,0.0,86.847,0.0,87.04764,0.0
8,7.0,0.001,0.9,0.999,1e-08,0.0,0.0,0.0,0.0,0.0,0.0,0.0,0.0,0.001,41.376274,0.06389873,8.643806,0.10381299,0.10381299,0.0,77.43468,0.0,77.59794,0.0
9,8.0,0.001,0.9,0.999,1e-08,0.0,0.0,0.0,0.0,0.0,0.0,0.0,0.0,0.001,43.684708,0.06578487,8.6715975,0.09488517,0.09488517,0.0,70.73442,0.0,70.90796,0.0
10,9.0,0.001,0.9,0.999,1e-08,0.0,0.0,0.0,0.0,0.0,0.0,0.0,0.0,0.001,45.553608,0.05288315,8.643988,0.08766686,0.08766686,0.0,66.78892,0.0,66.98166,0.0
11,10.0,0.001,0.9,0.999,1e-08,0.0,0.0,0.0,0.0,0.0,0.0,0.0,0.0,0.001,47.28188,0.05751131,8.703021,0.08321992,0.08321992,0.0,63.750652,0.0,63.920517,0.0
12,11.0,0.001,0.9,0.999,1e-08,0.0,0.0,0.0,0.0,0.0,0.0,0.0,0.0,0.001,48.984657,0.05769125,8.556668,0.07951233,0.07951233,0.0,60.633255,0.0,60.807285,0.0
13,12.0,0.001,0.9,0.999,1e-08,0.0,0.0,0.0,0.0,0.0,0.0,0.0,0.0,0.001,50.703148,0.04756334,8.924363,0.07513627,0.07513627,0.0,57.116173,0.0,57.28073,0.0
14,13.0,0.001,0.9,0.999,1e-08,0.0,0.0,0.0,0.0,0.0,0.0,0.0,0.0,0.001,52.39235,0.045783237,9.678301,0.07090057,0.07090057,0.0,53.837254,0.0,53.956745,0.0
15,14.0,0.001,0.9,0.999,1e-08,0.0,0.0,0.0,0.0,0.0,0.0,0.0,0.0,0.001,53.86992,0.04796499,10.253857,0.067316905,0.067316905,0.0,51.671764,0.0,51.78218,0.0
16,15.0,0.001,0.9,0.999,1e-08,0.0,0.0,0.0,0.0,0.0,0.0,0.0,0.0,0.001,55.20985,0.05006655,9.948387,0.0652122,0.0652122,0.0,50.20446,0.0,50.31961,0.0
17,16.0,0.001,0.9,0.999,1e-08,0.0,0.0,0.0,0.0,0.0,0.0,0.0,0.0,0.001,56.566902,0.050926186,8.667086,0.06295053,0.06295053,0.0,48.382088,0.0,48.498093,0.0
18,17.0,0.001,0.9,0.999,1e-08,0.0,0.0,0.0,0.0,0.0,0.0,0.0,0.0,0.001,57.766273,0.048190568,8.778151,0.061199736,0.061199736,0.0,47.19056,0.0,47.296276,0.0
19,18.0,0.001,0.9,0.999,1e-08,0.0,0.0,0.0,0.0,0.0,0.0,0.0,0.0,0.001,58.971596,0.04485506,8.591127,0.059397485,0.059397485,0.0,45.80027,0.0,45.905735,0.0
20,19.0,0.001,0.9,0.999,1e-08,0.0,0.0,0.0,0.0,0.0,0.0,0.0,0.0,0.001,60.090153,0.04292282,8.637324,0.057991225,0.057991225,0.0,44.749645,0.0,44.85183,0.0
21,20.0,0.001,0.9,0.999,1e-08,0.0,0.0,0.0,0.0,0.0,0.0,0.0,0.0,0.001,61.22669,0.04551745,8.545696,0.056534886,0.056534886,0.0,43.71042,0.0,43.814262,0.0
22,21.0,0.001,0.9,0.999,1e-08,0.0,0.0,0.0,0.0,0.0,0.0,0.0,0.0,0.001,62.30616,0.04722581,8.588937,0.05511948,0.05511948,0.0,42.59312,0.0,42.70456,0.0
23,22.0,0.001,0.9,0.999,1e-08,0.0,0.0,0.0,0.0,0.0,0.0,0.0,0.0,0.001,63.308426,0.050458007,8.615525,0.053974178,0.053974178,0.0,41.786785,0.0,41.905815,0.0
24,23.0,0.001,0.9,0.999,1e-08,0.0,0.0,0.0,0.0,0.0,0.0,0.0,0.0,0.001,64.21465,0.050196018,8.63306,0.053143647,0.053143647,0.0,41.28201,0.0,41.403988,0.0
25,24.0,0.001,0.9,0.999,1e-08,0.0,0.0,0.0,0.0,0.0,0.0,0.0,0.0,0.001,65.09339,0.053945076,8.543906,0.052512396,0.052512396,0.0,40.73909,0.0,40.864056,0.0
26,25.0,0.001,0.9,0.999,1e-08,0.0,0.0,0.0,0.0,0.0,0.0,0.0,0.0,0.001,65.93576,0.059872486,8.530463,0.05185375,0.05185375,0.0,40.205162,0.0,40.328754,0.0
27,26.0,0.001,0.9,0.999,1e-08,0.0,0.0,0.0,0.0,0.0,0.0,0.0,0.0,0.001,66.79017,0.056901723,8.481118,0.051105596,0.051105596,0.0,39.595642,0.0,39.72002,0.0
28,27.0,0.001,0.9,0.999,1e-08,0.0,0.0,0.0,0.0,0.0,0.0,0.0,0.0,0.001,67.58225,0.057476707,8.515865,0.05044556,0.05044556,0.0,39.20149,0.0,39.32407,0.0
29,28.0,0.001,0.9,0.999,1e-08,0.0,0.0,0.0,0.0,0.0,0.0,0.0,0.0,0.001,68.40643,0.056339525,8.583426,0.049785513,0.049785513,0.0,38.553913,0.0,38.680912,0.0
30,29.0,0.001,0.9,0.999,1e-08,0.0,0.0,0.0,0.0,0.0,0.0,0.0,0.0,0.001,69.199425,0.05511709,8.615759,0.048994422,0.048994422,0.0,37.956543,0.0,38.088093,0.0
31,30.0,0.001,0.9,0.999,1e-08,0.0,0.0,0.0,0.0,0.0,0.0,0.0,0.0,0.001,69.96414,0.05766723,9.31166,0.048297334,0.048297334,0.0,37.47238,0.0,37.610115,0.0
32,31.0,0.001,0.9,0.999,1e-08,0.0,0.0,0.0,0.0,0.0,0.0,0.0,0.0,0.001,70.686516,0.057374038,9.295039,0.047733624,0.047733624,0.0,37.04993,0.0,37.190323,0.0
33,32.0,0.001,0.9,0.999,1e-08,0.0,0.0,0.0,0.0,0.0,0.0,0.0,0.0,0.001,71.34659,0.05957725,9.279185,0.047211442,0.047211442,0.0,36.79524,0.0,36.93511,0.0
34,33.0,0.001,0.9,0.999,1e-08,0.0,0.0,0.0,0.0,0.0,0.0,0.0,0.0,0.001,71.964905,0.05601126,8.8816595,0.046946716,0.046946716,0.0,36.52988,0.0,36.669865,0.0
35,34.0,0.001,0.9,0.999,1e-08,0.0,0.0,0.0,0.0,0.0,0.0,0.0,0.0,0.001,72.57628,0.056607723,8.5471945,0.046617996,0.046617996,0.0,36.23862,0.0,36.378468,0.0
36,35.0,0.001,0.9,0.999,1e-08,0.0,0.0,0.0,0.0,0.0,0.0,0.0,0.0,0.001,73.179115,0.058831632,8.502055,0.04621814,0.04621814,0.0,36.004333,0.0,36.14255,0.0
37,36.0,0.001,0.9,0.999,1e-08,0.0,0.0,0.0,0.0,0.0,0.0,0.0,0.0,0.001,73.785484,0.057337474,8.464414,0.045838658,0.045838658,0.0,35.69262,0.0,35.831814,0.0
38,37.0,0.001,0.9,0.999,1e-08,0.0,0.0,0.0,0.0,0.0,0.0,0.0,0.0,0.001,74.35486,0.05401921,8.66281,0.04551622,0.04551622,0.0,35.40872,0.0,35.549232,0.0
39,38.0,0.001,0.9,0.999,1e-08,0.0,0.0,0.0,0.0,0.0,0.0,0.0,0.0,0.001,74.96108,0.05644143,8.477538,0.045106504,0.045106504,0.0,35.03552,0.0,35.175964,0.0
40,39.0,0.001,0.9,0.999,1e-08,0.0,0.0,0.0,0.0,0.0,0.0,0.0,0.0,0.001,75.497154,0.05986325,8.493977,0.044732463,0.044732463,0.0,34.908432,0.0,35.047344,0.0
41,40.0,0.001,0.9,0.999,1e-08,0.0,0.0,0.0,0.0,0.0,0.0,0.0,0.0,0.001,76.02923,0.0556612,8.577384,0.044485644,0.044485644,0.0,34.654514,0.0,34.794994,0.0
42,41.0,0.001,0.9,0.999,1e-08,0.0,0.0,0.0,0.0,0.0,0.0,0.0,0.0,0.001,76.53974,0.05628956,8.548414,0.044192363,0.044192363,0.0,34.471424,0.0,34.61109,0.0
43,42.0,0.001,0.9,0.999,1e-08,0.0,0.0,0.0,0.0,0.0,0.0,0.0,0.0,0.001,77.024124,0.06074177,8.533884,0.04395174,0.04395174,0.0,34.36651,0.0,34.504128,0.0
44,43.0,0.001,0.9,0.999,1e-08,0.0,0.0,0.0,0.0,0.0,0.0,0.0,0.0,0.001,77.49206,0.05260967,8.438205,0.043758877,0.043758877,0.0,34.07743,0.0,34.214924,0.0
45,44.0,0.001,0.9,0.999,1e-08,0.0,0.0,0.0,0.0,0.0,0.0,0.0,0.0,0.001,77.984505,0.0558845,8.545916,0.043496743,0.043496743,0.0,33.937958,0.0,34.07458,0.0
46,45.0,0.001,0.9,0.999,1e-08,0.0,0.0,0.0,0.0,0.0,0.0,0.0,0.0,0.001,78.45638,0.05956189,8.461895,0.043204885,0.043204885,0.0,33.667282,0.0,33.805943,0.0
47,46.0,0.001,0.9,0.999,1e-08,0.0,0.0,0.0,0.0,0.0,0.0,0.0,0.0,0.001,78.93093,0.052025326,8.497183,0.042932265,0.042932265,0.0,33.40259,0.0,33.54406,0.0
48,47.0,0.001,0.9,0.999,1e-08,0.0,0.0,0.0,0.0,0.0,0.0,0.0,0.0,0.001,79.4136,0.055479486,8.547741,0.042593475,0.042593475,0.0,33.132782,0.0,33.2775,0.0
49,48.0,0.001,0.9,0.999,1e-08,0.0,0.0,0.0,0.0,0.0,0.0,0.0,0.0,0.001,79.914536,0.055056542,9.329393,0.04219161,0.04219161,0.0,32.8104,0.0,32.959614,0.0
50,49.0,0.001,0.9,0.999,1e-08,0.0,0.0,0.0,0.0,0.0,0.0,0.0,0.0,0.001,80.41079,0.05917473,9.285103,0.041804448,0.041804448,0.0,32.512646,0.0,32.66512,0.0
51,50.0,0.001,0.9,0.999,1e-08,0.0,0.0,0.0,0.0,0.0,0.0,0.0,0.0,0.001,80.902176,0.056011636,9.210447,0.0413844,0.0413844,0.0,32.181305,0.0,32.33468,0.0
52,51.0,0.001,0.9,0.999,1e-08,0.0,0.0,0.0,0.0,0.0,0.0,0.0,0.0,0.001,81.372665,0.054367293,8.571448,0.040988505,0.040988505,0.0,31.92173,0.0,32.073666,0.0
53,52.0,0.001,0.9,0.999,1e-08,0.0,0.0,0.0,0.0,0.0,0.0,0.0,0.0,0.001,81.84715,0.052629784,8.580734,0.040625494,0.040625494,0.0,31.622625,0.0,31.773783,0.0
54,53.0,0.001,0.9,0.999,1e-08,0.0,0.0,0.0,0.0,0.0,0.0,0.0,0.0,0.001,82.31755,0.05026435,8.488665,0.040266786,0.040266786,0.0,31.342857,0.0,31.49284,0.0
55,54.0,0.001,0.9,0.999,1e-08,0.0,0.0,0.0,0.0,0.0,0.0,0.0,0.0,0.001,82.7729,0.047788188,8.612868,0.03996684,0.03996684,0.0,31.135506,0.0,31.284672,0.0
56,55.0,0.001,0.9,0.999,1e-08,0.0,0.0,0.0,0.0,0.0,0.0,0.0,0.0,0.001,83.2298,0.052604202,8.45835,0.03971646,0.03971646,0.0,30.952278,0.0,31.101755,0.0
57,56.0,0.001,0.9,0.999,1e-08,0.0,0.0,0.0,0.0,0.0,0.0,0.0,0.0,0.001,83.69228,0.050049223,8.59928,0.039454423,0.039454423,0.0,30.737654,0.0,30.886414,0.0
58,57.0,0.001,0.9,0.999,1e-08,0.0,0.0,0.0,0.0,0.0,0.0,0.0,0.0,0.001,84.12528,0.050560497,8.475317,0.039256763,0.039256763,0.0,30.60063,0.0,30.748327,0.0
59,58.0,0.001,0.9,0.999,1e-08,0.0,0.0,0.0,0.0,0.0,0.0,0.0,0.0,0.001,84.57195,0.04868193,8.456469,0.039048426,0.039048426,0.0,30.439016,0.0,30.58527,0.0
60,59.0,0.001,0.9,0.999,1e-08,0.0,0.0,0.0,0.0,0.0,0.0,0.0,0.0,0.001,84.995735,0.052838966,8.517403,0.03886432,0.03886432,0.0,30.329449,0.0,30.47341,0.0
61,60.0,0.001,0.9,0.999,1e-08,0.0,0.0,0.0,0.0,0.0,0.0,0.0,0.0,0.001,85.40539,0.047366906,8.537087,0.03872824,0.03872824,0.0,30.216696,0.0,30.35905,0.0
62,61.0,0.001,0.9,0.999,1e-08,0.0,0.0,0.0,0.0,0.0,0.0,0.0,0.0,0.001,85.809395,0.051929954,8.49997,0.03859015,0.03859015,0.0,30.163567,0.0,30.304869,0.0
63,62.0,0.001,0.9,0.999,1e-08,0.0,0.0,0.0,0.0,0.0,0.0,0.0,0.0,0.001,86.20863,0.046701714,8.527136,0.038478006,0.038478006,0.0,30.04167,0.0,30.182932,0.0
64,63.0,0.001,0.9,0.999,1e-08,0.0,0.0,0.0,0.0,0.0,0.0,0.0,0.0,0.001,86.6187,0.053293694,8.450176,0.03833745,0.03833745,0.0,29.904884,0.0,30.04669,0.0
65,64.0,0.001,0.9,0.999,1e-08,0.0,0.0,0.0,0.0,0.0,0.0,0.0,0.0,0.001,87.03664,0.05017784,8.461828,0.03814214,0.03814214,0.0,29.775621,0.0,29.917534,0.0
66,65.0,0.001,0.9,0.999,1e-08,0.0,0.0,0.0,0.0,0.0,0.0,0.0,0.0,0.001,87.42656,0.05069091,8.7871475,0.03796741,0.03796741,0.0,29.718485,0.0,29.858904,0.0
67,66.0,0.001,0.9,0.999,1e-08,0.0,0.0,0.0,0.0,0.0,0.0,0.0,0.0,0.001,87.78503,0.052805983,9.402685,0.037879422,0.037879422,0.0,29.63286,0.0,29.772978,0.0
68,67.0,0.001,0.9,0.999,1e-08,0.0,0.0,0.0,0.0,0.0,0.0,0.0,0.0,0.001,88.13982,0.04959183,9.315517,0.03779956,0.03779956,0.0,29.611065,0.0,29.750896,0.0
69,68.0,0.001,0.9,0.999,1e-08,0.0,0.0,0.0,0.0,0.0,0.0,0.0,0.0,0.001,88.486916,0.045278832,9.2815,0.037713274,0.037713274,0.0,29.564539,0.0,29.704075,0.0
70,69.0,0.001,0.9,0.999,1e-08,0.0,0.0,0.0,0.0,0.0,0.0,0.0,0.0,0.001,88.824684,0.05324861,8.639348,0.037638772,0.037638772,0.0,29.484047,0.0,29.622562,0.0
71,70.0,0.001,0.9,0.999,1e-08,0.0,0.0,0.0,0.0,0.0,0.0,0.0,0.0,0.001,89.16314,0.05533001,8.52132,0.037548576,0.037548576,0.0,29.448267,0.0,29.585932,0.0
72,71.0,0.001,0.9,0.999,1e-08,0.0,0.0,0.0,0.0,0.0,0.0,0.0,0.0,0.001,89.49018,0.05299705,8.634933,0.037469026,0.037469026,0.0,29.290352,0.0,29.426226,0.0
73,72.0,0.001,0.9,0.999,1e-08,0.0,0.0,0.0,0.0,0.0,0.0,0.0,0.0,0.001,89.81215,0.054308448,8.456947,0.037385687,0.037385687,0.0,29.345572,0.0,29.480059,0.0
74,73.0,0.001,0.9,0.999,1e-08,0.0,0.0,0.0,0.0,0.0,0.0,0.0,0.0,0.001,90.13526,0.05064289,8.586314,0.037289813,0.037289813,0.0,29.21302,0.0,29.346256,0.0
75,74.0,0.001,0.9,0.999,1e-08,0.0,0.0,0.0,0.0,0.0,0.0,0.0,0.0,0.001,90.449234,0.05251188,8.540663,0.03719673,0.03719673,0.0,29.10213,0.0,29.234928,0.0
76,75.0,0.001,0.9,0.999,1e-08,0.0,0.0,0.0,0.0,0.0,0.0,0.0,0.0,0.001,90.76284,0.05366904,8.521236,0.03708934,0.03708934,0.0,29.079422,0.0,29.211105,0.0
77,76.0,0.001,0.9,0.999,1e-08,0.0,0.0,0.0,0.0,0.0,0.0,0.0,0.0,0.001,91.07496,0.049829908,8.535278,0.03695658,0.03695658,0.0,28.888338,0.0,29.019325,0.0
78,77.0,0.001,0.9,0.999,1e-08,0.0,0.0,0.0,0.0,0.0,0.0,0.0,0.0,0.001,91.36264,0.055460554,8.446731,0.036862776,0.036862776,0.0,28.834291,0.0,28.96409,0.0
79,78.0,0.001,0.9,0.999,1e-08,0.0,0.0,0.0,0.0,0.0,0.0,0.0,0.0,0.001,91.64042,0.05044641,8.529621,0.036802724,0.036802724,0.0,28.790932,0.0,28.920029,0.0
80,79.0,0.001,0.9,0.999,1e-08,0.0,0.0,0.0,0.0,0.0,0.0,0.0,0.0,0.001,91.913536,0.053763065,8.582307,0.036748216,0.036748216,0.0,28.701385,0.0,28.828697,0.0
81,80.0,0.001,0.9,0.999,1e-08,0.0,0.0,0.0,0.0,0.0,0.0,0.0,0.0,0.001,92.19002,0.048885666,8.551609,0.036671672,0.036671672,0.0,28.672918,0.0,28.7994,0.0
82,81.0,0.001,0.9,0.999,1e-08,0.0,0.0,0.0,0.0,0.0,0.0,0.0,0.0,0.001,92.46925,0.054094635,8.475228,0.036590345,0.036590345,0.0,28.613691,0.0,28.738396,0.0
83,82.0,0.001,0.9,0.999,1e-08,0.0,0.0,0.0,0.0,0.0,0.0,0.0,0.0,0.001,92.736984,0.057265647,8.557556,0.036499288,0.036499288,0.0,28.522993,0.0,28.645443,0.0
84,83.0,0.001,0.9,0.999,1e-08,0.0,0.0,0.0,0.0,0.0,0.0,0.0,0.0,0.001,92.99698,0.05462194,8.9247055,0.036433127,0.036433127,0.0,28.496279,0.0,28.617655,0.0
85,84.0,0.001,0.9,0.999,1e-08,0.0,0.0,0.0,0.0,0.0,0.0,0.0,0.0,0.001,93.258575,0.055548344,9.270484,0.03635686,0.03635686,0.0,28.40123,0.0,28.519518,0.0
86,85.0,0.001,0.9,0.999,1e-08,0.0,0.0,0.0,0.0,0.0,0.0,0.0,0.0,0.001,93.52687,0.059313755,9.328797,0.03626443,0.03626443,0.0,28.319654,0.0,28.436674,0.0
87,86.0,0.001,0.9,0.999,1e-08,0.0,0.0,0.0,0.0,0.0,0.0,0.0,0.0,0.001,93.81094,0.059989154,9.59835,0.036131114,0.036131114,0.0,28.195976,0.0,28.31263,0.0
88,87.0,0.001,0.9,0.999,1e-08,0.0,0.0,0.0,0.0,0.0,0.0,0.0,0.0,0.001,94.08939,0.05966619,8.62363,0.035962548,0.035962548,0.0,28.070267,0.0,28.186201,0.0
89,88.0,0.001,0.9,0.999,1e-08,0.0,0.0,0.0,0.0,0.0,0.0,0.0,0.0,0.001,94.340126,0.06141175,8.483106,0.03585458,0.03585458,0.0,28.033266,0.0,28.147203,0.0
90,89.0,0.001,0.9,0.999,1e-08,0.0,0.0,0.0,0.0,0.0,0.0,0.0,0.0,0.001,94.58556,0.061307125,8.384572,0.035768688,0.035768688,0.0,27.93943,0.0,28.052992,0.0
91,90.0,0.001,0.9,0.999,1e-08,0.0,0.0,0.0,0.0,0.0,0.0,0.0,0.0,0.001,94.83333,0.06059911,8.514745,0.03565882,0.03565882,0.0,27.895555,0.0,28.007776,0.0
92,91.0,0.001,0.9,0.999,1e-08,0.0,0.0,0.0,0.0,0.0,0.0,0.0,0.0,0.001,95.07935,0.06373221,8.50934,0.035564635,0.035564635,0.0,27.769749,0.0,27.879566,0.0
93,92.0,0.001,0.9,0.999,1e-08,0.0,0.0,0.0,0.0,0.0,0.0,0.0,0.0,0.001,95.32379,0.06224362,8.548458,0.0354794,0.0354794,0.0,27.694002,0.0,27.802513,0.0
94,93.0,0.001,0.9,0.999,1e-08,0.0,0.0,0.0,0.0,0.0,0.0,0.0,0.0,0.001,95.57026,0.061651275,8.586947,0.035387002,0.035387002,0.0,27.633175,0.0,27.740213,0.0
95,94.0,0.001,0.9,0.999,1e-08,0.0,0.0,0.0,0.0,0.0,0.0,0.0,0.0,0.001,95.81827,0.06356859,8.560133,0.035302814,0.035302814,0.0,27.583017,0.0,27.688248,0.0
96,95.0,0.001,0.9,0.999,1e-08,0.0,0.0,0.0,0.0,0.0,0.0,0.0,0.0,0.001,96.075905,0.063839495,8.598063,0.03519066,0.03519066,0.0,27.480852,0.0,27.583815,0.0
97,96.0,0.001,0.9,0.999,1e-08,0.0,0.0,0.0,0.0,0.0,0.0,0.0,0.0,0.001,96.34101,0.06671098,8.493859,0.03506771,0.03506771,0.0,27.362825,0.0,27.464027,0.0
98,97.0,0.001,0.9,0.999,1e-08,0.0,0.0,0.0,0.0,0.0,0.0,0.0,0.0,0.001,96.59977,0.06936641,8.552505,0.034956653,0.034956653,0.0,27.280668,0.0,27.380497,0.0
99,98.0,0.001,0.9,0.999,1e-08,0.0,0.0,0.0,0.0,0.0,0.0,0.0,0.0,0.001,96.85685,0.07048284,8.474903,0.03485739,0.03485739,0.0,27.20094,0.0,27.299334,0.0
100,99.0,0.001,0.9,0.999,1e-08,0.0,0.0,0.0,0.0,0.0,0.0,0.0,0.0,0.001,97.1134,0.072949655,8.520433,0.034758344,0.034758344,0.0,27.094872,0.0,27.19174,0.0
101,100.0,0.0009,0.9,0.999,1e-08,0.0,0.0,0.0,0.0,0.0,0.0,0.0,0.0,0.001,97.369225,0.074893974,8.534297,0.034568917,0.034568917,0.0,27.000366,0.0,27.094742,0.0
102,101.0,0.0009,0.9,0.999,1e-08,0.0,0.0,0.0,0.0,0.0,0.0,0.0,0.0,0.001,97.617775,0.07415433,9.098926,0.03449417,0.03449417,0.0,26.940722,0.0,27.033663,0.0
103,102.0,0.0009,0.9,0.999,1e-08,0.0,0.0,0.0,0.0,0.0,0.0,0.0,0.0,0.001,97.86516,0.078569844,9.244393,0.03439995,0.03439995,0.0,26.858355,0.0,26.949308,0.0
104,103.0,0.0009,0.9,0.999,1e-08,0.0,0.0,0.0,0.0,0.0,0.0,0.0,0.0,0.001,98.11145,0.07341295,9.408001,0.034310568,0.034310568,0.0,26.776787,0.0,26.866,0.0
105,104.0,0.0009,0.9,0.999,1e-08,0.0,0.0,0.0,0.0,0.0,0.0,0.0,0.0,0.001,98.35981,0.07545889,9.179529,0.034210052,0.034210052,0.0,26.703133,0.0,26.790579,0.0
106,105.0,0.0009,0.9,0.999,1e-08,0.0,0.0,0.0,0.0,0.0,0.0,0.0,0.0,0.001,98.61043,0.075330354,8.653051,0.034106582,0.034106582,0.0,26.623821,0.0,26.70998,0.0
107,106.0,0.0009,0.9,0.999,1e-08,0.0,0.0,0.0,0.0,0.0,0.0,0.0,0.0,0.001,98.865166,0.0750847,8.487,0.03399302,0.03399302,0.0,26.531616,0.0,26.616673,0.0
108,107.0,0.0009,0.9,0.999,1e-08,0.0,0.0,0.0,0.0,0.0,0.0,0.0,0.0,0.001,99.12828,0.075840004,8.54064,0.03385687,0.03385687,0.0,26.416546,0.0,26.501371,0.0
109,108.0,0.0009,0.9,0.999,1e-08,0.0,0.0,0.0,0.0,0.0,0.0,0.0,0.0,0.001,99.39119,0.07845771,8.651678,0.033709284,0.033709284,0.0,26.302496,0.0,26.38703,0.0
110,109.0,0.0009,0.9,0.999,1e-08,0.0,0.0,0.0,0.0,0.0,0.0,0.0,0.0,0.001,99.6492,0.080325514,8.51789,0.033581913,0.033581913,0.0,26.200218,0.0,26.28451,0.0
111,110.0,0.0009,0.9,0.999,1e-08,0.0,0.0,0.0,0.0,0.0,0.0,0.0,0.0,0.001,99.90723,0.08214611,8.546681,0.033459608,0.033459608,0.0,26.1059,0.0,26.190058,0.0
112,111.0,0.0009,0.9,0.999,1e-08,0.0,0.0,0.0,0.0,0.0,0.0,0.0,0.0,0.001,100.16215,0.06762546,8.475725,0.033351265,0.033351265,0.0,26.042135,0.0,26.126705,0.0
113,112.0,0.0009,0.9,0.999,1e-08,0.0,0.0,0.0,0.0,0.0,0.0,0.0,0.0,0.001,100.41646,0.07721194,8.587338,0.033241678,0.033241678,0.0,25.939144,0.0,26.023039,0.0
114,113.0,0.0009,0.9,0.999,1e-08,0.0,0.0,0.0,0.0,0.0,0.0,0.0,0.0,0.001,100.667885,0.08087643,8.629177,0.03315021,0.03315021,0.0,25.863388,0.0,25.94629,0.0
115,114.0,0.0009,0.9,0.999,1e-08,0.0,0.0,0.0,0.0,0.0,0.0,0.0,0.0,0.001,100.91751,0.06946008,8.576102,0.03306655,0.03306655,0.0,25.800213,0.0,25.883514,0.0
116,115.0,0.0009,0.9,0.999,1e-08,0.0,0.0,0.0,0.0,0.0,0.0,0.0,0.0,0.001,101.16695,0.06818344,8.518949,0.032982495,0.032982495,0.0,25.739262,0.0,25.822092,0.0
117,116.0,0.0009,0.9,0.999,1e-08,0.0,0.0,0.0,0.0,0.0,0.0,0.0,0.0,0.001,101.41699,0.0687375,8.524779,0.03289869,0.03289869,0.0,25.69153,0.0,25.773388,0.0
118,117.0,0.0009,0.9,0.999,1e-08,0.0,0.0,0.0,0.0,0.0,0.0,0.0,0.0,0.001,101.6641,0.07506794,8.479234,0.032826852,0.032826852,0.0,25.641191,0.0,25.722189,0.0
119,118.0,0.0009,0.9,0.999,1e-08,0.0,0.0,0.0,0.0,0.0,0.0,0.0,0.0,0.001,101.90925,0.05956296,8.532583,0.0327504,0.0327504,0.0,25.590937,0.0,25.671387,0.0
120,119.0,0.0009,0.9,0.999,1e-08,0.0,0.0,0.0,0.0,0.0,0.0,0.0,0.0,0.001,102.15046,0.07004486,9.408149,0.032678712,0.032678712,0.0,25.50725,0.0,25.586609,0.0
121,120.0,0.0009,0.9,0.999,1e-08,0.0,0.0,0.0,0.0,0.0,0.0,0.0,0.0,0.001,102.38699,0.07021836,9.57628,0.032616057,0.032616057,0.0,25.477179,0.0,25.555262,0.0
122,121.0,0.0009,0.9,0.999,1e-08,0.0,0.0,0.0,0.0,0.0,0.0,0.0,0.0,0.001,102.62298,0.06402214,9.402851,0.03254731,0.03254731,0.0,25.416904,0.0,25.49444,0.0
123,122.0,0.0009,0.9,0.999,1e-08,0.0,0.0,0.0,0.0,0.0,0.0,0.0,0.0,0.001,102.85502,0.06695483,9.265085,0.032485172,0.032485172,0.0,25.397345,0.0,25.47415,0.0
124,123.0,0.0009,0.9,0.999,1e-08,0.0,0.0,0.0,0.0,0.0,0.0,0.0,0.0,0.001,103.08672,0.061652903,8.523314,0.032414768,0.032414768,0.0,25.372385,0.0,25.447964,0.0
125,124.0,0.0009,0.9,0.999,1e-08,0.0,0.0,0.0,0.0,0.0,0.0,0.0,0.0,0.001,103.31728,0.0634532,8.618005,0.032347027,0.032347027,0.0,25.259277,0.0,25.333412,0.0
126,125.0,0.0009,0.9,0.999,1e-08,0.0,0.0,0.0,0.0,0.0,0.0,0.0,0.0,0.001,103.54187,0.068167485,8.48758,0.032291178,0.032291178,0.0,25.200285,0.0,25.272848,0.0
127,126.0,0.0009,0.9,0.999,1e-08,0.0,0.0,0.0,0.0,0.0,0.0,0.0,0.0,0.001,103.76223,0.06877846,8.580678,0.0322419,0.0322419,0.0,25.208027,0.0,25.279732,0.0
128,127.0,0.0009,0.9,0.999,1e-08,0.0,0.0,0.0,0.0,0.0,0.0,0.0,0.0,0.001,103.98022,0.06802859,8.431381,0.03219341,0.03219341,0.0,25.110928,0.0,25.182144,0.0
129,128.0,0.0009,0.9,0.999,1e-08,0.0,0.0,0.0,0.0,0.0,0.0,0.0,0.0,0.001,104.196304,0.06861115,8.508762,0.032144208,0.032144208,0.0,25.080452,0.0,25.150158,0.0
130,129.0,0.0009,0.9,0.999,1e-08,0.0,0.0,0.0,0.0,0.0,0.0,0.0,0.0,0.001,104.410515,0.07408361,8.490782,0.032095753,0.032095753,0.0,25.04812,0.0,25.116346,0.0
131,130.0,0.0009,0.9,0.999,1e-08,0.0,0.0,0.0,0.0,0.0,0.0,0.0,0.0,0.001,104.62408,0.068414755,8.536421,0.03204444,0.03204444,0.0,25.018412,0.0,25.085903,0.0
132,131.0,0.0009,0.9,0.999,1e-08,0.0,0.0,0.0,0.0,0.0,0.0,0.0,0.0,0.001,104.83782,0.070763424,8.397473,0.031989723,0.031989723,0.0,24.951756,0.0,25.0186,0.0
133,132.0,0.0009,0.9,0.999,1e-08,0.0,0.0,0.0,0.0,0.0,0.0,0.0,0.0,0.001,105.050255,0.06479605,8.432004,0.0319338,0.0319338,0.0,24.943005,0.0,25.008902,0.0
134,133.0,0.0009,0.9,0.999,1e-08,0.0,0.0,0.0,0.0,0.0,0.0,0.0,0.0,0.001,105.25872,0.06799327,8.488584,0.03187448,0.03187448,0.0,24.904503,0.0,24.969786,0.0
135,134.0,0.0009,0.9,0.999,1e-08,0.0,0.0,0.0,0.0,0.0,0.0,0.0,0.0,0.001,105.46149,0.06440949,8.430911,0.0318322,0.0318322,0.0,24.845991,0.0,24.909414,0.0
136,135.0,0.0009,0.9,0.999,1e-08,0.0,0.0,0.0,0.0,0.0,0.0,0.0,0.0,0.001,105.66311,0.06442758,8.501747,0.031785272,0.031785272,0.0,24.832117,0.0,24.894726,0.0
137,136.0,0.0009,0.9,0.999,1e-08,0.0,0.0,0.0,0.0,0.0,0.0,0.0,0.0,0.001,105.86201,0.061862256,8.499392,0.03174549,0.03174549,0.0,24.790466,0.0,24.851894,0.0
138,137.0,0.0009,0.9,0.999,1e-08,0.0,0.0,0.0,0.0,0.0,0.0,0.0,0.0,0.001,106.05945,0.061483305,9.336985,0.031703588,0.031703588,0.0,24.772333,0.0,24.832762,0.0
139,138.0,0.0009,0.9,0.999,1e-08,0.0,0.0,0.0,0.0,0.0,0.0,0.0,0.0,0.001,106.25542,0.06114065,9.249207,0.03166281,0.03166281,0.0,24.769007,0.0,24.828123,0.0
140,139.0,0.0009,0.9,0.999,1e-08,0.0,0.0,0.0,0.0,0.0,0.0,0.0,0.0,0.001,106.44908,0.06470242,9.303961,0.031625222,0.031625222,0.0,24.676287,0.0,24.734106,0.0
141,140.0,0.0009,0.9,0.999,1e-08,0.0,0.0,0.0,0.0,0.0,0.0,0.0,0.0,0.001,106.64193,0.064013116,8.524875,0.031583987,0.031583987,0.0,24.64708,0.0,24.7038,0.0
142,141.0,0.0009,0.9,0.999,1e-08,0.0,0.0,0.0,0.0,0.0,0.0,0.0,0.0,0.001,106.83337,0.06329174,8.407023,0.03154506,0.03154506,0.0,24.617968,0.0,24.673708,0.0
143,142.0,0.0009,0.9,0.999,1e-08,0.0,0.0,0.0,0.0,0.0,0.0,0.0,0.0,0.001,107.023285,0.06269987,8.551686,0.03150687,0.03150687,0.0,24.574297,0.0,24.629232,0.0
144,143.0,0.0009,0.9,0.999,1e-08,0.0,0.0,0.0,0.0,0.0,0.0,0.0,0.0,0.001,107.21196,0.06233417,8.510756,0.031468406,0.031468406,0.0,24.538689,0.0,24.592833,0.0
145,144.0,0.0009,0.9,0.999,1e-08,0.0,0.0,0.0,0.0,0.0,0.0,0.0,0.0,0.001,107.39916,0.062217407,8.497162,0.03143066,0.03143066,0.0,24.50361,0.0,24.557053,0.0
146,145.0,0.0009,0.9,0.999,1e-08,0.0,0.0,0.0,0.0,0.0,0.0,0.0,0.0,0.001,107.58512,0.06250823,8.516556,0.03139297,0.03139297,0.0,24.478777,0.0,24.531631,0.0
147,146.0,0.0009,0.9,0.999,1e-08,0.0,0.0,0.0,0.0,0.0,0.0,0.0,0.0,0.001,107.76978,0.061899804,8.40881,0.031355955,0.031355955,0.0,24.46497,0.0,24.51737,0.0
148,147.0,0.0009,0.9,0.999,1e-08,0.0,0.0,0.0,0.0,0.0,0.0,0.0,0.0,0.001,107.95311,0.060508035,8.474552,0.031319577,0.031319577,0.0,24.447218,0.0,24.499195,0.0
149,148.0,0.0009,0.9,0.999,1e-08,0.0,0.0,0.0,0.0,0.0,0.0,0.0,0.0,0.001,108.13509,0.060689516,8.49801,0.0312837,0.0312837,0.0,24.418547,0.0,24.470024,0.0
150,149.0,0.0009,0.9,0.999,1e-08,0.0,0.0,0.0,0.0,0.0,0.0,0.0,0.0,0.001,108.31598,0.060401723,8.543704,0.03124746,0.03124746,0.0,24.394196,0.0,24.445236,0.0
151,150.0,0.0009,0.9,0.999,1e-08,0.0,0.0,0.0,0.0,0.0,0.0,0.0,0.0,0.001,108.495804,0.06071546,8.5740185,0.031211577,0.031211577,0.0,24.366457,0.0,24.41711,0.0
152,151.0,0.0009,0.9,0.999,1e-08,0.0,0.0,0.0,0.0,0.0,0.0,0.0,0.0,0.001,108.67461,0.061693266,8.475034,0.031175971,0.031175971,0.0,24.336521,0.0,24.386816,0.0
153,152.0,0.0009,0.9,0.999,1e-08,0.0,0.0,0.0,0.0,0.0,0.0,0.0,0.0,0.001,108.8524,0.062693626,8.5368185,0.031140406,0.031140406,0.0,24.306631,0.0,24.356592,0.0
154,153.0,0.0009,0.9,0.999,1e-08,0.0,0.0,0.0,0.0,0.0,0.0,0.0,0.0,0.001,109.02921,0.063331574,8.52274,0.031104965,0.031104965,0.0,24.277145,0.0,24.326777,0.0
155,154.0,0.0009,0.9,0.999,1e-08,0.0,0.0,0.0,0.0,0.0,0.0,0.0,0.0,0.001,109.205,0.06368895,8.536846,0.031069584,0.031069584,0.0,24.249104,0.0,24.298418,0.0
156,155.0,0.0009,0.9,0.999,1e-08,0.0,0.0,0.0,0.0,0.0,0.0,0.0,0.0,0.001,109.37978,0.064067945,9.275125,0.031034337,0.031034337,0.0,24.221838,0.0,24.270855,0.0
157,156.0,0.0009,0.9,0.999,1e-08,0.0,0.0,0.0,0.0,0.0,0.0,0.0,0.0,0.001,109.55355,0.0644385,9.264723,0.030999294,0.030999294,0.0,24.195059,0.0,24.243807,0.0
158,157.0,0.0009,0.9,0.999,1e-08,0.0,0.0,0.0,0.0,0.0,0.0,0.0,0.0,0.001,109.726265,0.06473448,9.302365,0.030964317,0.030964317,0.0,24.169329,0.0,24.21784,0.0
159,158.0,0.0009,0.9,0.999,1e-08,0.0,0.0,0.0,0.0,0.0,0.0,0.0,0.0,0.001,109.89799,0.06497012,8.694723,0.030929487,0.030929487,0.0,24.14445,0.0,24.192759,0.0
160,159.0,0.0009,0.9,0.999,1e-08,0.0,0.0,0.0,0.0,0.0,0.0,0.0,0.0,0.001,110.068756,0.06515535,8.569314,0.03089464,0.03089464,0.0,24.119852,0.0,24.167994,0.0
161,160.0,0.0009,0.9,0.999,1e-08,0.0,0.0,0.0,0.0,0.0,0.0,0.0,0.0,0.001,110.23863,0.06471915,8.628155,0.03085956,0.03085956,0.0,24.093454,0.0,24.14142,0.0
162,161.0,0.0009,0.9,0.999,1e-08,0.0,0.0,0.0,0.0,0.0,0.0,0.0,0.0,0.001,110.40752,0.064208895,8.52469,0.030824387,0.030824387,0.0,24.065485,0.0,24.113178,0.0
163,162.0,0.0009,0.9,0.999,1e-08,0.0,0.0,0.0,0.0,0.0,0.0,0.0,0.0,0.001,110.57546,0.062672995,8.535767,0.030789182,0.030789182,0.0,24.048529,0.0,24.096272,0.0
164,163.0,0.0009,0.9,0.999,1e-08,0.0,0.0,0.0,0.0,0.0,0.0,0.0,0.0,0.001,110.74251,0.061925136,8.493856,0.03075409,0.03075409,0.0,24.022266,0.0,24.069885,0.0
165,164.0,0.0009,0.9,0.999,1e-08,0.0,0.0,0.0,0.0,0.0,0.0,0.0,0.0,0.001,110.908646,0.061563384,8.577404,0.030718304,0.030718304,0.0,24.003601,0.0,24.051004,0.0
166,165.0,0.0009,0.9,0.999,1e-08,0.0,0.0,0.0,0.0,0.0,0.0,0.0,0.0,0.001,111.073906,0.06080476,8.578345,0.030682681,0.030682681,0.0,23.971527,0.0,24.01897,0.0
167,166.0,0.0009,0.9,0.999,1e-08,0.0,0.0,0.0,0.0,0.0,0.0,0.0,0.0,0.001,111.23831,0.059845112,8.549894,0.030646943,0.030646943,0.0,23.939718,0.0,23.98713,0.0
168,167.0,0.0009,0.9,0.999,1e-08,0.0,0.0,0.0,0.0,0.0,0.0,0.0,0.0,0.001,111.40139,0.06222776,8.462821,0.030611686,0.030611686,0.0,23.926678,0.0,23.97391,0.0
169,168.0,0.0009,0.9,0.999,1e-08,0.0,0.0,0.0,0.0,0.0,0.0,0.0,0.0,0.001,111.56463,0.05593224,8.473695,0.03057196,0.03057196,0.0,23.892706,0.0,23.939985,0.0
170,169.0,0.0009,0.9,0.999,1e-08,0.0,0.0,0.0,0.0,0.0,0.0,0.0,0.0,0.001,111.72649,0.054458015,8.615569,0.03053671,0.03053671,0.0,23.849112,0.0,23.896486,0.0
171,170.0,0.0009,0.9,0.999,1e-08,0.0,0.0,0.0,0.0,0.0,0.0,0.0,0.0,0.001,111.88781,0.053240262,8.574412,0.030497957,0.030497957,0.0,23.810303,0.0,23.857666,0.0
172,171.0,0.0009,0.9,0.999,1e-08,0.0,0.0,0.0,0.0,0.0,0.0,0.0,0.0,0.001,112.0486,0.05354214,8.592379,0.030459128,0.030459128,0.0,23.7782,0.0,23.825594,0.0
173,172.0,0.0009,0.9,0.999,1e-08,0.0,0.0,0.0,0.0,0.0,0.0,0.0,0.0,0.001,112.20868,0.051288188,8.582164,0.030419912,0.030419912,0.0,23.7439,0.0,23.791426,0.0
174,173.0,0.0009,0.9,0.999,1e-08,0.0,0.0,0.0,0.0,0.0,0.0,0.0,0.0,0.001,112.36836,0.052024808,9.286894,0.03037968,0.03037968,0.0,23.708117,0.0,23.755705,0.0
175,174.0,0.0009,0.9,0.999,1e-08,0.0,0.0,0.0,0.0,0.0,0.0,0.0,0.0,0.001,112.52753,0.050215237,9.561705,0.030338839,0.030338839,0.0,23.675434,0.0,23.723215,0.0
176,175.0,0.0009,0.9,0.999,1e-08,0.0,0.0,0.0,0.0,0.0,0.0,0.0,0.0,0.001,112.68635,0.051232595,9.271613,0.030297082,0.030297082,0.0,23.63831,0.0,23.686174,0.0
177,176.0,0.0009,0.9,0.999,1e-08,0.0,0.0,0.0,0.0,0.0,0.0,0.0,0.0,0.001,112.84475,0.050405122,8.737092,0.030254733,0.030254733,0.0,23.604805,0.0,23.652876,0.0
178,177.0,0.0009,0.9,0.999,1e-08,0.0,0.0,0.0,0.0,0.0,0.0,0.0,0.0,0.001,113.00284,0.04997051,8.554279,0.030211499,0.030211499,0.0,23.57062,0.0,23.618885,0.0
179,178.0,0.0009,0.9,0.999,1e-08,0.0,0.0,0.0,0.0,0.0,0.0,0.0,0.0,0.001,113.16079,0.05112025,8.560418,0.030167272,0.030167272,0.0,23.532276,0.0,23.580675,0.0
180,179.0,0.0009,0.9,0.999,1e-08,0.0,0.0,0.0,0.0,0.0,0.0,0.0,0.0,0.001,113.31827,0.050913773,8.545399,0.030123252,0.030123252,0.0,23.497934,0.0,23.546593,0.0
181,180.0,0.0009,0.9,0.999,1e-08,0.0,0.0,0.0,0.0,0.0,0.0,0.0,0.0,0.001,113.4756,0.050481826,8.599982,0.03007799,0.03007799,0.0,23.464403,0.0,23.513342,0.0
182,181.0,0.0009,0.9,0.999,1e-08,0.0,0.0,0.0,0.0,0.0,0.0,0.0,0.0,0.001,113.63299,0.051884327,8.533907,0.030031951,0.030031951,0.0,23.423756,0.0,23.472837,0.0
183,182.0,0.0009,0.9,0.999,1e-08,0.0,0.0,0.0,0.0,0.0,0.0,0.0,0.0,0.001,113.789925,0.051627778,8.49647,0.029986413,0.029986413,0.0,23.388279,0.0,23.437672,0.0
184,183.0,0.0009,0.9,0.999,1e-08,0.0,0.0,0.0,0.0,0.0,0.0,0.0,0.0,0.001,113.94684,0.05217958,8.618486,0.029939912,0.029939912,0.0,23.351469,0.0,23.4011,0.0
185,184.0,0.0009,0.9,0.999,1e-08,0.0,0.0,0.0,0.0,0.0,0.0,0.0,0.0,0.001,114.103714,0.05272147,8.526749,0.029893173,0.029893173,0.0,23.312857,0.0,23.362713,0.0
186,185.0,0.0009,0.9,0.999,1e-08,0.0,0.0,0.0,0.0,0.0,0.0,0.0,0.0,0.001,114.260284,0.053441036,8.431305,0.029846858,0.029846858,0.0,23.275251,0.0,23.325354,0.0
187,186.0,0.0009,0.9,0.999,1e-08,0.0,0.0,0.0,0.0,0.0,0.0,0.0,0.0,0.001,114.41673,0.053491767,8.5572605,0.02980023,0.02980023,0.0,23.239676,0.0,23.290054,0.0
188,187.0,0.0009,0.9,0.999,1e-08,0.0,0.0,0.0,0.0,0.0,0.0,0.0,0.0,0.001,114.57297,0.055345595,8.539843,0.029753882,0.029753882,0.0,23.203228,0.0,23.253828,0.0
189,188.0,0.0009,0.9,0.999,1e-08,0.0,0.0,0.0,0.0,0.0,0.0,0.0,0.0,0.001,114.72888,0.054881535,8.61978,0.029708035,0.029708035,0.0,23.174433,0.0,23.225388,0.0
190,189.0,0.0009,0.9,0.999,1e-08,0.0,0.0,0.0,0.0,0.0,0.0,0.0,0.0,0.001,114.884346,0.05521365,8.422216,0.029662238,0.029662238,0.0,23.159365,0.0,23.210674,0.0
191,190.0,0.0009,0.9,0.999,1e-08,0.0,0.0,0.0,0.0,0.0,0.0,0.0,0.0,0.001,115.03871,0.06521342,8.819162,0.029619671,0.029619671,0.0,23.100292,0.0,23.150772,0.0
192,191.0,0.0009,0.9,0.999,1e-08,0.0,0.0,0.0,0.0,0.0,0.0,0.0,0.0,0.001,115.1933,0.065274,9.284892,0.02957334,0.02957334,0.0,23.062443,0.0,23.113068,0.0
193,192.0,0.0009,0.9,0.999,1e-08,0.0,0.0,0.0,0.0,0.0,0.0,0.0,0.0,0.001,115.34753,0.061578684,9.1978035,0.029529465,0.029529465,0.0,23.024275,0.0,23.075247,0.0
194,193.0,0.0009,0.9,0.999,1e-08,0.0,0.0,0.0,0.0,0.0,0.0,0.0,0.0,0.001,115.501564,0.06329878,9.195215,0.029483423,0.029483423,0.0,22.988983,0.0,23.04017,0.0
195,194.0,0.0009,0.9,0.999,1e-08,0.0,0.0,0.0,0.0,0.0,0.0,0.0,0.0,0.001,115.65511,0.06349344,8.643263,0.029439986,0.029439986,0.0,22.957716,0.0,23.009119,0.0
196,195.0,0.0009,0.9,0.999,1e-08,0.0,0.0,0.0,0.0,0.0,0.0,0.0,0.0,0.001,115.80772,0.058230996,8.449821,0.029400097,0.029400097,0.0,22.923864,0.0,22.975294,0.0
197,196.0,0.0009,0.9,0.999,1e-08,0.0,0.0,0.0,0.0,0.0,0.0,0.0,0.0,0.001,115.96077,0.055748664,8.509628,0.029353393,0.029353393,0.0,22.898932,0.0,22.95014,0.0
198,197.0,0.0009,0.9,0.999,1e-08,0.0,0.0,0.0,0.0,0.0,0.0,0.0,0.0,0.001,116.11136,0.058415808,8.488097,0.029318057,0.029318057,0.0,22.86247,0.0,22.91423,0.0
199,198.0,0.0009,0.9,0.999,1e-08,0.0,0.0,0.0,0.0,0.0,0.0,0.0,0.0,0.001,116.26284,0.056749254,8.5262575,0.029271245,0.029271245,0.0,22.833246,0.0,22.885176,0.0
200,199.0,0.0009,0.9,0.999,1e-08,0.0,0.0,0.0,0.0,0.0,0.0,0.0,0.0,0.001,116.412575,0.058799572,8.528676,0.029234337,0.029234337,0.0,22.800098,0.0,22.852407,0.0
